Phylotype,percent of sequences,Frequency,Closest matching isolate,GenBank,percent iidentity,AT,ASAG,ASAS,BF,AF,CF,DF,GP,PD,SACF,TF
PT00001,30.01,89,Chthoniobacter flavus,AY388649,91,4,22,5,24,10,31,27,45,1,23,23
PT0002,19.18,77,Chthoniobacter flavus,AY388649,91,0,7,0,0,5,23,7,29,0,4,45
PT06005,6.69,73,Chthoniobacter flavus,AY388649,90,0,6,2,9,5,5,5,9,0,10,6
PT03824,6.08,81,Chthoniobacter flavus,AY388649,90,31,40,46,11,15,4,5,3,0,31,3
PT00683,4.50,89,Chthoniobacter flavus,AY388649,92,9,10,2,15,5,3,5,4,24,11,4
PT02737,2.36,72,Chthoniobacter flavus,AY388649,91,26,2,3,10,5,8,13,1,0,3,9
PT13121,1.96,40,Candidatus Xiphinematobacter brevicolli,AF217462,89,5,0,0,3,25,12,21,1,0,0,1
PT04198,1.76,101,Chthoniobacter flavus,AY388649,99,3,5,26,4,10,3,3,1,9,5,1
PT05991,1.69,62,Chthoniobacter flavus,AY388649,91,1,1,6,0,0,1,0,0,65,3,2
PT05512,1.35,55,Chthoniobacter flavus,AY388649,90,1,0,0,1,0,2,1,2,0,0,3
PT06508,1.02,59,Chthoniobacter flavus,AY388649,93,1,4,9,1,0,0,0,1,1,6,0
PT02553,0.98,52,Chthoniobacter flavus,AY388649,92,0,1,0,0,0,1,4,1,0,1,1
PT07240,0.97,47,“Candidatus Xiphinematobacter brevicolli”,AF217462,89,4,0,0,15,0,3,3,0,0,1,0
PT05715,0.93,40,Chthoniobacter flavus,AY388649,90,0,1,1,2,0,0,1,1,0,1,1
PT02535,0.77,58,“Candidatus Xiphinematobacter brevicolli”,AF217462,81,16,0,0,4,20,5,3,0,0,1,2
